employeeId,firstName,lastName,Display Name,Gender,DateOfBirth,Email,Password,Location,Nationality,NID,Role,Status,Manager Id
ROS-E125861,Sourabh,Sajjan,Sourabh.Sajjan,Male,27-Nov-99,Sourabh.Sajjan@demoexample.com,Password@123,England,India,UK985123456,Employee,Active,ROS-E125871
ROS-E125862, James,Smith, James.Smith,Male,11-Oct-97,James.Smith@demoexample.com,Password@123,London,America,UK985123457,Restaurant Assistant Manager,Active,ROS-E125861
ROS-E125863,Michael,Smith,Michael.Smith,Male,08-Dec-98,Michael.Smith@demoexample.com,Password@123,Scotland,America,UK985123458,Restaurant General Manager,Active,ROS-E125871
ROS-E125864,Robert,Gercia,Robert.Gercia,Male,05-Jan-15,Robert.Gercia@demoexample.com,Password@123,Wales,Australia,UK985123459,Supervisor,Active,ROS-E125871
ROS-E125865,Willian,Johnson,Willian.Johnson,Male,25-Jun-93,Willian.Johnson@demoexample.com,Password@123,London,Antartica,UK985123460,Employee,Active,ROS-E125861
ROS-E125866,Addae,Jane,Addae.Jane,Male,20-Jul-92,Addae.Jane@demoexample.com,Password@123,Scotland,Africa,UK985123461,Employee,Active,ROS-E125891
ROS-E125867,Baako,Anade,Baako.Anade,Male,13-Oct-91,Baako.Anade@demoexample.com,Password@123,Wales,Africa,UK985123462,Employee,Active,ROS-E125871
ROS-E125868,Martha,May,Martha.May,Female,02-Feb-95,Aaira.Mokashi@demoexample.com,Password@123,Scotland,Germany,UK985123463,Employee,Active,ROS-E125861
ROS-E125869,Abiba,Fame,Abiba.Fame,Female,27-Nov-99,Abiba.Fame@demoexample.com,Password@123,Wales,Africa,UK985123464,Employee,Active,ROS-E125891
ROS-E125870,Shibil,Rahman,Shibil.Rahman,Male,11-Oct-97,Shibil.Rahman@demoexample.com,Password@123,London,India,UK985123465,Employee,Active,ROS-E125891
ROS-E125871,Tokyo,Taylor,Tokyo.Taylor,Male,05-Jan-89,Tokyo.Taylor@demoexample.com,Password@123,Scotland,Japan,UK985123466,Employee,Active,ROS-E125861
ROS-E125872,Aiko,Piku,Aiko.Piku,Male,25-Jun-93,Aiko.Piku@demoexample.com,Password@123,Wales,Japan,UK985123467,Employee,Active,ROS-E125861
ROS-E125873,Sohail,Kagzi,Sohail.Kagzi,Male,20-Jul-92,Sohail.Kagzi@demoexample.com,Password@123,England,Afghanistan,UK985123468,Employee,Active,ROS-E125871
ROS-E125874,Amida,chan,Amida.chan,Male,13-Oct-91,Amida.Chan@demoexample.com,Password@123,London,Japan,UK985123469,Employee,Active,ROS-E125871
ROS-E125875,Julia,Jackson,Julia.Jackson,Female,02-Feb-95,Julia.Jackson@demoexample.com,Password@123,Scotland,America,UK985123470,Employee,Active,ROS-E125861
ROS-E125876,Charles,Jonson,Charles.Jonson,Male,27-Nov-99,Charles.Jonson@demoexample.com,Password@123,Wales,America,UK985123471,Employee,Active,ROS-E125891
ROS-E125877,Mandy,Downey,Mandy.Downey,Male,27-Nov-99,Mandy.Downey@demoexample.com,Password@123,London,Australia,UK985123472,Employee,Active,ROS-E125891
ROS-E125878,John,Rhodes,John.Rhodes,Male,11-Oct-97,John.Rhodes@demoexample.com,Password@123,Scotland,Antartica,UK985123473,Employee,Active,ROS-E125871
ROS-E125879,Arman,jack,Arman.jack,Male,05-Jan-95,Arman.jack@demoexample.com,Password@123,Wales,Antartica,UK985123474,Employee,Active,ROS-E125891
ROS-E125880,Guru,Mathpathi,Guru.Mathpathi,Male,25-Jun-93,Guru.Mathpathi@demoexample.com,Password@123,Scotland,India,UK985123475,Employee,Active,ROS-E125881
ROS-E125881,Alicia,Keyes,Alicia.Keyes,Female,26-Jan-95,Alicia.Keyes@demoexample.com,Password@123,Wales,France,UK985123476,Employee,Active,ROS-E125891
ROS-E125882,Barend,Bate,Barend.Bate,Male,05-Jan-98,Barend.Bate@demoexample.com,Password@123,London,Germany,UK985123477,Employee,Active,ROS-E125871
ROS-E125883,Julia,Roberts,Julia.Roberts,Female,02-Feb-95,Julia.Roberts@demoexample.com,Password@123,Scotland,Germany,UK985123478,Employee,Active,ROS-E125891
ROS-E125884,Jennifer,Annistons,Jennifer.Annistons,Female,27-Nov-99,Jennifer.Annistons@demoexample.com,Password@123,Wales,America,UK985123479,Employee,Active,ROS-E125881
ROS-E125885,Trevia,Novha,Trevia.Novha,Female,11-Oct-97,Trevia.Novha@demoexample.com,Password@123,Scotland,Africa,UK985123480,Employee,Active,ROS-E125861
ROS-E125886,Embeth,Devidtz,Embeth.Devidtz,Female,05-Jan-92,Embeth.Devidtz@demoexample.com,Password@123,Wales,Africa,UK985123481,Employee,Active,ROS-E125881
ROS-E125887,San,Taylor,San.Taylor,Male,26-Jan-95,San.Taylor@demoexample.com,Password@123,London,Australia,UK985123482,Employee,Active,ROS-E125871
ROS-E125888,Kane,Willing,Kane.Willing,Male,05-Jan-98,Kane.Willing@demoexample.com,Password@123,Scotland,Australia,UK985123483,Employee,Active,ROS-E125891
ROS-E125889,Sharada,Sajjan,Sharada.Sajjan,Female,05-Jan-98,Sharada.sajjan@demoexample.com,Password@123,Wales,India,UK985123484,Employee,Active,ROS-E125861
ROS-E125890,Thota,Srujan,Thota.Srujan,Male,27-Aug-97,Thota.Srujan@demoexample.com,Password@123,England,India,UK985123485,Employee,Active,ROS-E125871
ROS-E125891,Ramya,Kotiyan,Ramya.Kotiyan,Female,27-Sep-98,Ramya.Kotiyan@demoexample.com,Password@123,England,India,UK985123486,Employee,Active,ROS-E125881
ROS-E125892,George,Clooney,George.Clooney,Male,01-Sep-95,George.Clonney@demoexample.com,Password@123,London,Europe,UK985123487,Employee,Active,ROS-E125891
ROS-E125893,Kane,william,Kane.william, Male,09-Aug-98,Kane.William@demoexample.com,Password@123,Scotland,New Zealand,UK985123488,Employee,Active,ROS-E125891
ROS-E125894,Nancy,Deville,Nancy.Deville,Female,02-Feb-95,Nancy.Deville@demoexample.com,Password@123,Wales,New Zealand,UK985123489,Employee,Active,ROS-E125871
ROS-E125895,Robert,Downey,Robert.Downey,Male,27-Nov-99,Robert.Downey@demoexample.com,Password@123,London,New Zealand,UK985123490,Employee,Active,ROS-E125891
ROS-E125896,Balaji,Manna,Balaji.Manna,Male,01-Aug-96,Balaji.Manna@demoexample.com,Password@123,Scotland,India,UK985123491,Employee,Active,ROS-E125861
ROS-E125897,Jaya ,Gowda,Jaya .Gowda,Female,25-Oct-99,Jaya.Gowda@demoexample.com,Password@123,Wales,India,UK985123492,Employee,Active,ROS-E125881
ROS-E125898,David,Bekkam,David.Bekkam,Male,02-Jan-91,David.Bekkam@gmail.com,Password@123,Scotland,Europe,UK985123493,Employee,Active,ROS-E125891
ROS-E125899,Cristiano,Ronaldo,Cristiano.Ronaldo,Male,02-Oct-95,Christiano.Ronaldo@demoexample.com,Password@123,Wales,Europe,UK985123494,Employee,Active,ROS-E125881
ROS-E125900,Asif,Parishwad ,Asif.Parishwad ,Male,26-Jan-94,Asif.Parishwad@gmail.com,Password@123,London,India,UK985123495,Employee,Active,ROS-E125871

